"","Kingdom","Phylum","Class","Order","Family","Genus","Species"
"ASVf6134ec05628","Bacteria","Pseudomonadota","Gammaproteobacteria","Enterobacterales","Enterobacteriaceae","Klebsiella","pneumoniae"
"ASV215ec54a3f82","Bacteria","Pseudomonadota","Gammaproteobacteria","Pseudomonadales","Pseudomonadaceae","Pseudomonas",NA
"ASV74d2642d8317","Bacteria","Pseudomonadota","Gammaproteobacteria","Pseudomonadales","Pseudomonadaceae","Pseudomonas","frederiksbergensis"
"ASV0b7b215d4a0e","Bacteria","Pseudomonadota","Gammaproteobacteria","Pseudomonadales","Pseudomonadaceae","Pseudomonas","parafulva"
"ASV1d07d14c184e","Bacteria","Pseudomonadota","Gammaproteobacteria","Pseudomonadales","Pseudomonadaceae","Pseudomonas",NA
"ASVb62581c68724","Bacteria","Pseudomonadota","Gammaproteobacteria","Pseudomonadales","Pseudomonadaceae","Pseudomonas","citronellolis"
"ASVabb141b9fd64","Bacteria","Pseudomonadota","Gammaproteobacteria","Pseudomonadales","Pseudomonadaceae","Pseudomonas","chlororaphis"
"ASV47f3513b8d5a","Bacteria","Pseudomonadota","Gammaproteobacteria","Enterobacterales","Aeromonadaceae","Aeromonas","salmonicida"
"ASV002794ba98ad","Bacteria","Pseudomonadota","Gammaproteobacteria","Enterobacterales","Enterobacteriaceae","Kosakonia","radicincitans"
"ASV94d42265be51","Bacteria","Pseudomonadota","Gammaproteobacteria","Pseudomonadales","Pseudomonadaceae","Pseudomonas","umsongensis"
"ASV81bcc1cf907b","Bacteria","Pseudomonadota","Gammaproteobacteria","Pseudomonadales","Pseudomonadaceae","Pseudomonas",NA
"ASV6e3b33f711cf","Bacteria","Pseudomonadota","Gammaproteobacteria","Pseudomonadales","Pseudomonadaceae","Pseudomonas","cichorii"
"ASV6afbf6caacda","Bacteria","Pseudomonadota","Gammaproteobacteria","Lysobacterales","Lysobacteraceae","Stenotrophomonas","maltophilia"
"ASV723a382a55d8","Bacteria","Pseudomonadota","Gammaproteobacteria","Pseudomonadales","Moraxellaceae","Acinetobacter","pittii"
"ASVbbbaa854ec1d","Bacteria","Pseudomonadota","Gammaproteobacteria","Lysobacterales","Lysobacteraceae","Pseudoxanthomonas","mexicana"
"ASV62edf3791a0a","Bacteria","Pseudomonadota","Alphaproteobacteria","Hyphomicrobiales","Rhizobiaceae",NA,NA
"ASV5a14d4522074","Bacteria","Pseudomonadota","Alphaproteobacteria","Hyphomicrobiales","Rhizobiaceae","Ensifer","adhaerens"
"ASVc5467b4bd7cf","Bacteria","Pseudomonadota","Gammaproteobacteria","Lysobacterales","Lysobacteraceae","Stenotrophomonas","maltophilia"
"ASV027d78721f1c","Bacteria","Pseudomonadota","Gammaproteobacteria","Pseudomonadales","Pseudomonadaceae","Pseudomonas",NA
"ASVc9fae288f043","Bacteria","Pseudomonadota","Gammaproteobacteria","Pseudomonadales","Moraxellaceae","Acinetobacter","johnsonii"
"ASV9bb1fe23c509","Bacteria","Pseudomonadota","Gammaproteobacteria","Enterobacterales","Enterobacteriaceae","Raoultella","ornithinolytica"
"ASVc6337cb85cc7","Bacteria","Pseudomonadota","Gammaproteobacteria","Enterobacterales","Enterobacteriaceae","Kosakonia","sacchari"
"ASVb7fad3c928ed","Bacteria","Pseudomonadota","Gammaproteobacteria","Pseudomonadales","Pseudomonadaceae","Pseudomonas","yamanorum"
"ASVf4ff3b8b6325","Bacteria","Pseudomonadota","Alphaproteobacteria","Hyphomicrobiales","Rhizobiaceae","Rhizobium",NA
"ASVe38389740aa9","Bacteria","Pseudomonadota","Alphaproteobacteria","Hyphomicrobiales","Beijerinckiaceae","Methylobacterium","radiotolerans"
"ASVe4ed02ce107d","Bacteria","Pseudomonadota","Alphaproteobacteria","Hyphomicrobiales","Rhizobiaceae","Agrobacterium","radiobacter"
"ASVdbf69a2014bf","Bacteria","Pseudomonadota","Gammaproteobacteria","Burkholderiales","Burkholderiaceae","Ralstonia","pickettii"
"ASV7147dc31ee00","Bacteria","Pseudomonadota","Gammaproteobacteria","Lysobacterales","Lysobacteraceae","Stenotrophomonas","maltophilia"
"ASV823d3f5e62da","Bacteria","Pseudomonadota","Alphaproteobacteria","Hyphomicrobiales","Rhizobiaceae","Mesorhizobium","plurifarium"
"ASV818f86c3e8ab","Bacteria","Pseudomonadota","Gammaproteobacteria","Burkholderiales","Comamonadaceae",NA,NA
"ASV54cf642c68c9","Bacteria","Pseudomonadota","Alphaproteobacteria","Hyphomicrobiales","Rhizobiaceae","Rhizobium",NA
"ASVda3d2e6d1009","Bacteria","Pseudomonadota","Gammaproteobacteria","Pseudomonadales","Pseudomonadaceae","Pseudomonas","xanthomarina"
"ASVdcc627a92e77","Bacteria","Pseudomonadota","Alphaproteobacteria","Hyphomicrobiales","Beijerinckiaceae","Methylobacterium",NA
"ASVa9b45a19d60b","Bacteria","Pseudomonadota","Gammaproteobacteria","Enterobacterales","Enterobacteriaceae",NA,NA
"ASV09b6fdbf8178","Bacteria","Pseudomonadota","Gammaproteobacteria","Pseudomonadales","Pseudomonadaceae","Pseudomonas",NA
"ASVebe5fa2ad3e0","Bacteria","Pseudomonadota","Alphaproteobacteria","Sphingomonadales","Sphingomonadaceae","Sphingomonas","melonis"
"ASV40bbadb7f1ba","Bacteria","Pseudomonadota","Gammaproteobacteria","Pseudomonadales","Pseudomonadaceae","Pseudomonas",NA
"ASVa4125b1e6109","Bacteria","Pseudomonadota","Gammaproteobacteria","Pseudomonadales","Pseudomonadaceae","Pseudomonas",NA
"ASVe17ca9e1962d","Bacteria","Pseudomonadota","Alphaproteobacteria","Hyphomicrobiales","Rhizobiaceae","Ensifer","adhaerens"
"ASVedbf0d2ed657","Bacteria","Pseudomonadota","Gammaproteobacteria","Pseudomonadales","Pseudomonadaceae","Pseudomonas","chlororaphis"
"ASVf04012a35e69","Bacteria","Pseudomonadota","Gammaproteobacteria","Burkholderiales","Comamonadaceae","Variovorax","paradoxus"
"ASV5cb57216ef07","Bacteria","Pseudomonadota","Gammaproteobacteria","Lysobacterales","Lysobacteraceae","Stenotrophomonas","rhizophila"
"ASV9cd2026cf4e7","Bacteria","Pseudomonadota","Alphaproteobacteria","Caulobacterales","Caulobacteraceae","Caulobacter","vibrioides"
"ASVe65e1bc8950d","Bacteria","Pseudomonadota","Alphaproteobacteria","Hyphomicrobiales","Xanthobacteraceae","Bradyrhizobium","elkanii"
"ASV68542ec416b6","Bacteria","Pseudomonadota","Alphaproteobacteria","Sphingomonadales","Sphingomonadaceae","Sphingomonas","paucimobilis"
"ASVb4b8fcce0687","Bacteria","Pseudomonadota","Gammaproteobacteria","Enterobacterales","Enterobacteriaceae","Klebsiella",NA
"ASV2708643a1cfd","Bacteria","Pseudomonadota","Gammaproteobacteria","Burkholderiales","Comamonadaceae",NA,NA
"ASVfadd7ffa9c80","Bacteria","Pseudomonadota","Gammaproteobacteria","Pseudomonadales","Pseudomonadaceae","Pseudomonas","xanthomarina"
"ASV932d2de5479f","Bacteria","Pseudomonadota","Gammaproteobacteria","Pseudomonadales","Pseudomonadaceae","Pseudomonas",NA
"ASV8d8586d76f43","Bacteria","Pseudomonadota","Gammaproteobacteria","Pseudomonadales","Moraxellaceae","Acinetobacter","johnsonii"
"ASV6cbd9aa3444d","Bacteria","Pseudomonadota","Gammaproteobacteria","Pseudomonadales","Pseudomonadaceae","Pseudomonas",NA
"ASVfedb27a45612","Bacteria","Pseudomonadota","Gammaproteobacteria","Lysobacterales","Lysobacteraceae","Lysobacter","soli"
"ASV75e03858fece","Bacteria","Pseudomonadota","Gammaproteobacteria","Burkholderiales","Comamonadaceae","Rhizobacter","gummiphilus"
"ASV030a805011a6","Bacteria","Pseudomonadota","Gammaproteobacteria","Pseudomonadales","Pseudomonadaceae","Pseudomonas","xanthomarina"
"ASV8428cca7e731","Bacteria","Pseudomonadota","Gammaproteobacteria","Enterobacterales","Enterobacteriaceae",NA,NA
"ASV591ec5cefaf2","Bacteria","Pseudomonadota","Gammaproteobacteria","Pseudomonadales","Pseudomonadaceae","Pseudomonas",NA
"ASV7e55ef93f6a7","Bacteria","Pseudomonadota","Alphaproteobacteria","Hyphomicrobiales","Rhizobiaceae","Mesorhizobium",NA
"ASV9ca87747862e","Bacteria","Pseudomonadota","Alphaproteobacteria","Hyphomicrobiales","Beijerinckiaceae","Bosea",NA
"ASV4855e2be7cf4","Bacteria","Pseudomonadota","Gammaproteobacteria","Enterobacterales","Enterobacteriaceae",NA,NA
"ASVace15768cfde","Bacteria","Pseudomonadota","Gammaproteobacteria","Burkholderiales","Rhodocyclaceae","Methyloversatilis",NA
"ASV08263a93f45f","Bacteria","Pseudomonadota","Gammaproteobacteria","Burkholderiales","Burkholderiaceae","Ralstonia","solanacearum"
"ASV58ecad599d46","Bacteria","Bacteroidota","Bacteroidia","Bacteroidales","Dysgonomonadaceae","Dysgonomonas",NA
"ASV5839ad4774ac","Bacteria","Pseudomonadota","Gammaproteobacteria","Enterobacterales","Enterobacteriaceae","Citrobacter",NA
"ASV3492176bea45","Bacteria","Pseudomonadota","Gammaproteobacteria","Enterobacterales","Enterobacteriaceae",NA,NA
"ASV67e7ad09e075","Bacteria","Pseudomonadota","Gammaproteobacteria","Enterobacterales","Enterobacteriaceae",NA,NA
"ASV5256c2e3f679","Bacteria","Bacillota","Clostridia","Lachnospirales","Lachnospiraceae","Blautia","obeum"
"ASV4747f8802097","Bacteria","Pseudomonadota","Gammaproteobacteria","Burkholderiales","Comamonadaceae","Comamonas","testosteroni"
"ASV26432feec5f6","Bacteria","Pseudomonadota","Gammaproteobacteria","Pseudomonadales","Pseudomonadaceae","Pseudomonas","stutzeri"
"ASVd156060ccf06","Bacteria","Pseudomonadota","Gammaproteobacteria","Burkholderiales","Burkholderiaceae","Cupriavidus","necator"
"ASVf874551ec869","Bacteria","Bacteroidota","Bacteroidia","Bacteroidales","Dysgonomonadaceae","Dysgonomonas","mossii"
"ASVa9eb4b5289fc","Bacteria","Pseudomonadota","Gammaproteobacteria","Burkholderiales","Comamonadaceae","Comamonas",NA
"ASVf8a5d3c9b3c3","Bacteria","Pseudomonadota","Alphaproteobacteria","Sphingomonadales","Sphingomonadaceae","Sphingomonas",NA
"ASV736f405242b9","Bacteria","Actinomycetota","Actinobacteria","Micrococcales","Microbacteriaceae","Microbacterium","oxydans"
"ASV37ba12b1070f","Bacteria","Pseudomonadota","Alphaproteobacteria","Hyphomicrobiales","Rhizobiaceae","Pararhizobium",NA
"ASV5dae0aaa43d6","Bacteria","Pseudomonadota","Gammaproteobacteria","Lysobacterales","Lysobacteraceae","Stenotrophomonas","rhizophila"
"ASV82ff27b3317e","Bacteria","Pseudomonadota","Gammaproteobacteria","Pseudomonadales","Moraxellaceae","Acinetobacter","lwoffii"
"ASV13c16c388b3d","Bacteria","Pseudomonadota","Alphaproteobacteria","Hyphomicrobiales","Xanthobacteraceae","Rhodopseudomonas",NA
"ASV62a80e84cae1","Bacteria","Pseudomonadota","Alphaproteobacteria","Hyphomicrobiales","Rhizobiaceae","Chelativorans","composti"
"ASV66b24bba09df","Bacteria","Pseudomonadota","Gammaproteobacteria","Burkholderiales","Alcaligenaceae","Achromobacter",NA
"ASV38eacd5aae21","Bacteria","Actinomycetota","Coriobacteriia","Coriobacteriales","Coriobacteriaceae","Collinsella","aerofaciens"
"ASV7209bf51f759","Bacteria","Pseudomonadota","Alphaproteobacteria","Defluviicoccales","Defluviicoccaceae","Defluviicoccus",NA
"ASVffcb689d0f16","Bacteria","Pseudomonadota","Gammaproteobacteria","Burkholderiales","Alcaligenaceae","Bordetella",NA
"ASVc88caae2cbc4","Bacteria","Actinomycetota","Actinobacteria","Micrococcales","Microbacteriaceae","Microbacterium","testaceum"
"ASVddf29a034027","Bacteria","Pseudomonadota","Gammaproteobacteria","Enterobacterales","Enterobacteriaceae",NA,NA
"ASV53d62acaa768","Bacteria","Bacillota","Clostridia","Lachnospirales","Lachnospiraceae","[Ruminococcus] gnavus group",NA
"ASVcd81a0af6fa6","Bacteria","Actinomycetota","Actinobacteria","Mycobacteriales","Nocardiaceae","Rhodococcus","erythropolis"
"ASV7908b11470b3","Bacteria","Pseudomonadota","Alphaproteobacteria","Caulobacterales","Caulobacteraceae","Caulobacter","vibrioides"
"ASV7730e223c2be","Bacteria","Pseudomonadota","Gammaproteobacteria","Burkholderiales","Burkholderiaceae","Burkholderia-Caballeronia-Paraburkholderia","xenovorans"
"ASVf0cd9dc570d5","Bacteria","Pseudomonadota","Alphaproteobacteria","Hyphomicrobiales","Rhizobiaceae","Brucella","melitensis"
"ASV202267384656","Bacteria","Pseudomonadota","Alphaproteobacteria","Caulobacterales","Caulobacteraceae","Brevundimonas","bullata"
"ASV27caea67a21c","Bacteria","Pseudomonadota","Alphaproteobacteria","Hyphomicrobiales","Rhizobiaceae","Chelativorans",NA
"ASV4d78e9c069bb","Bacteria","Bacillota","Clostridia","Oscillospirales","Ruminococcaceae","Ruminococcus","bromii"
"ASVd60b1165f993","Bacteria","Pseudomonadota","Gammaproteobacteria","Enterobacterales","Enterobacteriaceae","Escherichia-Shigella","coli"
"ASV2c83ad2ce552","Bacteria","Bacillota","Clostridia","Lachnospirales","Lachnospiraceae","Blautia",NA
"ASV38555c9c6166","Bacteria","Bacillota","Clostridia","Oscillospirales","Ruminococcaceae","Gemmiger",NA
"ASVc087aee751e4","Bacteria","Bacteroidota","Bacteroidia","Chitinophagales","Chitinophagaceae","Sediminibacterium",NA
"ASV5107786af8db","Bacteria","Bacillota","Clostridia","Lachnospirales","Lachnospiraceae","Blautia",NA
"ASV1d2f52a5033e","Bacteria","Bacillota","Clostridia","Lachnospirales","Lachnospiraceae","Faecalimonas",NA
"ASV3a9277eb97e0","Bacteria","Pseudomonadota","Gammaproteobacteria","Burkholderiales","Comamonadaceae","Comamonas","terrigena"
"ASV723b88ae699f","Bacteria","Bacillota","Clostridia","Lachnospirales","Lachnospiraceae","Coprococcus","comes"
"ASV282a1bb35482","Bacteria","Pseudomonadota","Gammaproteobacteria","Pseudomonadales","Pseudomonadaceae","Pseudomonas",NA
"ASVad24189bfa92","Bacteria","Pseudomonadota","Gammaproteobacteria","Enterobacterales","Yersiniaceae","Serratia","marcescens"
"ASVedfbac3231a8","Bacteria","Pseudomonadota","Alphaproteobacteria","Hyphomicrobiales","Xanthobacteraceae","Rhodopseudomonas",NA
"ASVcdac0e2a990b","Bacteria","Pseudomonadota","Alphaproteobacteria","Caulobacterales","Caulobacteraceae","Brevundimonas","vesicularis"
"ASVef701db04cec","Bacteria","Bacillota","Clostridia","Oscillospirales","Butyricicoccaceae","UCG-008",NA
"ASV5e6388823b80","Bacteria","Bacillota","Bacilli","Lactobacillales","Streptococcaceae","Streptococcus","lutetiensis"
"ASVa0099339c59b","Bacteria","Bacillota","Clostridia","Lachnospirales","Lachnospiraceae","[Ruminococcus] gauvreauii group",NA
"ASVd5fa8d7e4fb0","Bacteria","Pseudomonadota","Gammaproteobacteria","Pseudomonadales","Moraxellaceae","Acinetobacter","bereziniae"
"ASV9e07fb587a54","Bacteria","Bacillota","Bacilli","Lactobacillales","Enterococcaceae","Enterococcus",NA
"ASVb28e28813f5c","Bacteria","Bacillota","Clostridia","Lachnospirales","Lachnospiraceae","Lachnospiraceae NK4A136 group",NA
"ASV8c4e17955919","Bacteria","Bacillota","Clostridia","Lachnospirales","Lachnospiraceae","Blautia",NA
"ASVd118e55d83b3","Bacteria","Bacillota","Clostridia","Lachnospirales","Lachnospiraceae","Blautia","obeum"
"ASV512f92f5e631","Bacteria","Bacillota","Clostridia","Lachnospirales","Lachnospiraceae","[Eubacterium] eligens group",NA
"ASV0b80db85d147","Bacteria","Deinococcota","Deinococci","Thermales","Thermaceae","Thermus","scotoductus"
"ASVb24a182c6f2f","Bacteria","Pseudomonadota","Gammaproteobacteria","Pseudomonadales","Moraxellaceae","Enhydrobacter",NA
"ASVac7e72d0c1e3","Bacteria","Bacillota","Clostridia","Oscillospirales","Ruminococcaceae","Faecalibacterium","prausnitzii"
"ASV17a2dd138d27","Bacteria","Bacillota","Bacilli","Lactobacillales","Streptococcaceae","Streptococcus","gallolyticus"
"ASV7f743faabaad","Bacteria","Bacillota","Clostridia","Lachnospirales","Lachnospiraceae",NA,NA
"ASV1c4340c26f13","Bacteria","Bacillota","Clostridia","Lachnospirales","Lachnospiraceae",NA,NA
"ASV7dcf9cf26f1d","Bacteria","Pseudomonadota","Gammaproteobacteria","Lysobacterales","Lysobacteraceae","Xanthomonas",NA
"ASV8d8325cb4cd4","Bacteria","Pseudomonadota","Gammaproteobacteria","Burkholderiales","Comamonadaceae","Acidovorax",NA
"ASVd6a6d856c2e5","Bacteria","Bacillota","Bacilli","Lactobacillales","Lactobacillaceae","Lactobacillus","amylovorus"
"ASV96899490109e","Bacteria","Bacteroidota","Bacteroidia","Flavobacteriales","Weeksellaceae","Chryseobacterium","taklimakanense"
"ASV8502b8238687","Bacteria","Bacteroidota","Bacteroidia","Bacteroidales","Rikenellaceae","Alistipes","indistinctus"
"ASV656c11326c32","Bacteria","Bacteroidota","Bacteroidia","Bacteroidales","Prevotellaceae","Prevotella",NA
"ASV52f3911bdb47","Bacteria","Actinomycetota","Acidimicrobiia","Microtrichales",NA,NA,NA
"ASV9bffa74fb363","Bacteria","Pseudomonadota","Alphaproteobacteria","Rhodobacterales","Paracoccaceae","Paracoccus",NA
"ASV063d4aa205f2","Bacteria","Pseudomonadota","Gammaproteobacteria","Pseudomonadales","Alcanivoracaceae1","Alcanivorax","dieselolei"
"ASVc9945b36de2e","Bacteria","Bacillota","Clostridia","Oscillospirales","Ruminococcaceae","Faecalibacterium",NA
"ASVb4a43e8d0e92","Bacteria","Bacillota","Clostridia","Lachnospirales","Lachnospiraceae","Anaerostipes","hadrus"
"ASV46bc3f47ac2a","Bacteria","Bacillota","Bacilli","Paenibacillales","Paenibacillaceae",NA,NA
"ASV753ef85bfc06","Bacteria","Pseudomonadota","Gammaproteobacteria","Enterobacterales","Vibrionaceae","Vibrio","natriegens"
"ASVd44b07e6b86a","Bacteria","Actinomycetota","Actinobacteria","Micrococcales",NA,NA,NA
"ASV916e12a9ec13","Bacteria","Actinomycetota","Actinobacteria","Actinomycetales","Actinomycetaceae","Flaviflexus",NA
"ASV4aafb85bbfd2","Bacteria","Bacillota","Bacilli","Staphylococcales","Staphylococcaceae","Staphylococcus","aureus"
"ASV0121447a8377","Bacteria","Cyanobacteriota","Cyanobacteriia","Cyanobacteriales","Nostocaceae","Calothrix PCC-6303",NA
"ASVbb3bc658e9d1","Bacteria","Bacteroidota","Bacteroidia","Flavobacteriales","Weeksellaceae","Chryseobacterium","anthropi"
"ASV44910e212265","Bacteria","Actinomycetota","Acidimicrobiia","Actinomarinales",NA,NA,NA
"ASV2c141abaef52","Bacteria","Bacillota","Clostridia","Lachnospirales","Lachnospiraceae",NA,NA
"ASV234265681c40","Bacteria","Bacteroidota","Bacteroidia","Bacteroidales","Bacteroidaceae","Bacteroides","coprocola"
"ASV57883b429222","Bacteria","Pseudomonadota","Alphaproteobacteria","Caulobacterales","Caulobacteraceae","Caulobacter","henricii"
"ASV7890d6814271","Bacteria","Bacillota","Clostridia","Clostridiales","Clostridiaceae","Clostridium",NA
