"well_id","carbon","cell_num","growth","biofilm","day","class","location"
"flowcyto_10_l03_F4","glutamic acid","10",0.5976,0.2498,"14","HGLB","inside"
"flowcyto_10_l02_F2","glutamic acid","10",0.5964,0.2148,"14","HGLB","inside"
"flowcyto_10_l02_G11","glutamic acid","10",0.5932,0.2298,"14","HGLB","inside"
"flowcyto_10_l01_G7","glutamic acid","10",0.576,0.2276,"14","HGLB","inside"
"flowcyto_10_l03_G6","glutamic acid","10",0.531,0.2075,"14","HGLB","inside"
"flowcyto_10_l04_G7","glutamic acid","10",0.5234,0.2241,"14","HGLB","inside"
"flowcyto_10_l01_H2","glutamic acid","10",0.7045,0.2013,"14","HGLB","edge"
"flowcyto_10_l02_H1","glutamic acid","10",1.155,0.3074,"14","HGLB","edge"
"flowcyto_10_l02_G1","glutamic acid","10",0.8253,0.2959,"14","HGLB","edge"
"flowcyto_10_l02_A2","glutamic acid","10",0.709,0.2199,"14","HGLB","edge"
"flowcyto_10_l02_C9","glutamic acid","10",0.4621,8.2401,"14","HGHB","inside"
"flowcyto_10_l02_B3","glutamic acid","10",0.4613,3.4077,"14","HGHB","inside"
"flowcyto_10_l04_E3","glutamic acid","10",0.4927,2.5669,"14","HGHB","inside"
"flowcyto_10_l05_C9","glutamic acid","10",0.529,1.9775,"14","HGHB","inside"
"flowcyto_10_l01_G3","glutamic acid","10",0.9244,0.5565,"14","HGHB","inside"
"flowcyto_10_l02_F11","glutamic acid","10",0.7058,0.5496,"14","HGHB","inside"
"flowcyto_10_l01_A2","glutamic acid","10",0.7161,1.6997,"14","HGHB","edge"
"flowcyto_10_l03_H8","glutamic acid","10",1.0548,2.1486,"14","HGHB","edge"
"flowcyto_10_l03_H1","glutamic acid","10",0.8153,1.3146,"14","HGHB","edge"
"flowcyto_10_l04_D1","glutamic acid","10",0.8454,1.2311,"14","HGHB","edge"
"flowcyto_10_l04_C3","glutamic acid","10",0.3386,3.8051,"14","LGHB","inside"
"flowcyto_10_l01_D11","glutamic acid","10",0.3908,3.457,"14","LGHB","inside"
"flowcyto_10_l04_D11","glutamic acid","10",0.2873,2.7972,"14","LGHB","inside"
"flowcyto_10_l02_D8","glutamic acid","10",0.3459,2.5198,"14","LGHB","inside"
"flowcyto_10_l04_B7","glutamic acid","10",0.3661,2.4928,"14","LGHB","inside"
"flowcyto_10_l02_C7","glutamic acid","10",0.2968,2.2879,"14","LGHB","inside"
"flowcyto_10_l04_H8","glutamic acid","10",0.4809,1.6704,"14","LGHB","edge"
"flowcyto_10_l02_H11","glutamic acid","10",0.4641,3.4578,"14","LGHB","edge"
"flowcyto_10_l02_A4","glutamic acid","10",0.4528,2.369,"14","LGHB","edge"
"flowcyto_10_l04_B12","glutamic acid","10",0.3923,1.715,"14","LGHB","edge"
"flowcyto_10_l01_F8","glutamic acid","10",0.1385,0.1848,"14","LGLB","inside"
"flowcyto_10_l03_B7","glutamic acid","10",0.2967,0.2483,"14","LGLB","inside"
"flowcyto_10_l01_D5","glutamic acid","10",0.2896,0.2283,"14","LGLB","inside"
"flowcyto_10_l04_C6","glutamic acid","10",0.2768,0.2637,"14","LGLB","inside"
"flowcyto_10_l03_C10","glutamic acid","10",0.2558,0.2005,"14","LGLB","inside"
"flowcyto_10_l03_F10","glutamic acid","10",0.2466,0.1999,"14","LGLB","inside"
"flowcyto_10_l03_E1","glutamic acid","10",0.4475,0.2507,"14","LGLB","edge"
"flowcyto_10_l04_F12","glutamic acid","10",0.2587,0.1355,"14","LGLB","edge"
"flowcyto_10_l03_F12","glutamic acid","10",0.4143,0.1665,"14","LGLB","edge"
"flowcyto_10_l01_H7","glutamic acid","10",0.3782,0.2698,"14","LGLB","edge"
"flowcyto_50_l10_F2","glutamic acid","50",0.6609,0.2919,"14","HGLB","inside"
"flowcyto_50_l07_G4","glutamic acid","50",0.6059,0.3214,"14","HGLB","inside"
"flowcyto_50_l07_F11","glutamic acid","50",0.6044,0.3263,"14","HGLB","inside"
"flowcyto_50_l10_G3","glutamic acid","50",0.5933,0.2361,"14","HGLB","inside"
"flowcyto_50_l06_B2","glutamic acid","50",0.5653,0.1917,"14","HGLB","inside"
"flowcyto_50_l08_G6","glutamic acid","50",0.5381,0.2149,"14","HGLB","inside"
"flowcyto_50_l06_D1","glutamic acid","50",0.9132,0.3264,"14","HGLB","edge"
"flowcyto_50_l10_A12","glutamic acid","50",1.1786,0.3135,"14","HGLB","edge"
"flowcyto_50_l06_A12","glutamic acid","50",1.0696,0.3446,"14","HGLB","edge"
"flowcyto_50_l10_H2","glutamic acid","50",0.9458,0.2775,"14","HGLB","edge"
"flowcyto_50_l09_G11","glutamic acid","50",0.701,2.0396,"14","HGHB","inside"
"flowcyto_50_l09_D11","glutamic acid","50",0.7007,0.6472,"14","HGHB","inside"
"flowcyto_50_l10_B10","glutamic acid","50",0.4786,1.7425,"14","HGHB","inside"
"flowcyto_50_l07_C3","glutamic acid","50",0.4544,1.6438,"14","HGHB","inside"
"flowcyto_50_l10_B9","glutamic acid","50",0.4836,1.1964,"14","HGHB","inside"
"flowcyto_50_l10_G11","glutamic acid","50",0.5748,0.717,"14","HGHB","inside"
"flowcyto_50_l07_F1","glutamic acid","50",1.004,1.1155,"14","HGHB","edge"
"flowcyto_50_l07_H12","glutamic acid","50",0.7543,6.8544,"14","HGHB","edge"
"flowcyto_50_l09_H2","glutamic acid","50",0.7552,2.6849,"14","HGHB","edge"
"flowcyto_50_l06_A1","glutamic acid","50",1.1431,1.7812,"14","HGHB","edge"
"flowcyto_50_l09_E8","glutamic acid","50",0.3179,2.192,"14","LGHB","inside"
"flowcyto_50_l06_D6","glutamic acid","50",0.3887,2.0351,"14","LGHB","inside"
"flowcyto_50_l10_G5","glutamic acid","50",0.3698,1.3361,"14","LGHB","inside"
"flowcyto_50_l07_F10","glutamic acid","50",0.3765,1.2177,"14","LGHB","inside"
"flowcyto_50_l07_B6","glutamic acid","50",0.3523,1.1345,"14","LGHB","inside"
"flowcyto_50_l10_C8","glutamic acid","50",0.2844,0.6212,"14","LGHB","inside"
"flowcyto_50_l06_A6","glutamic acid","50",0.3606,1.1401,"14","LGHB","edge"
"flowcyto_50_l10_H10","glutamic acid","50",0.489,8.7738,"14","LGHB","edge"
"flowcyto_50_l10_H11","glutamic acid","50",0.4258,2.4541,"14","LGHB","edge"
"flowcyto_50_l06_H9","glutamic acid","50",0.3427,2.1665,"14","LGHB","edge"
"flowcyto_50_l10_E3","glutamic acid","50",0.3219,0.228,"14","LGLB","inside"
"flowcyto_50_l07_D3","glutamic acid","50",0.3214,0.2765,"14","LGLB","inside"
"flowcyto_50_l10_F5","glutamic acid","50",0.3175,0.2347,"14","LGLB","inside"
"flowcyto_50_l10_C5","glutamic acid","50",0.2937,0.2795,"14","LGLB","inside"
"flowcyto_50_l06_D7","glutamic acid","50",0.2904,0.1787,"14","LGLB","inside"
"flowcyto_50_l06_F10","glutamic acid","50",0.2418,0.19,"14","LGLB","inside"
"flowcyto_50_l06_H2","glutamic acid","50",0.3099,0.2958,"14","LGLB","edge"
"flowcyto_50_l07_H9","glutamic acid","50",0.297,0.3205,"14","LGLB","edge"
"flowcyto_50_l09_A5","glutamic acid","50",0.2964,0.289,"14","LGLB","edge"
"flowcyto_50_l09_A6","glutamic acid","50",0.275,0.324,"14","LGLB","edge"
"flowcyto_100_l12_F2","glutamic acid","100",0.7076,0.3157,"14","HGLB","inside"
"flowcyto_100_l14_B2","glutamic acid","100",0.6133,0.3783,"14","HGLB","inside"
"flowcyto_100_l12_G9","glutamic acid","100",0.6089,0.3586,"14","HGLB","inside"
"flowcyto_100_l11_G8","glutamic acid","100",0.5851,0.3824,"14","HGLB","inside"
"flowcyto_100_l11_B3","glutamic acid","100",0.5681,0.3729,"14","HGLB","inside"
"flowcyto_100_l14_G2","glutamic acid","100",0.5497,0.2651,"14","HGLB","inside"
"flowcyto_100_l11_A1","glutamic acid","100",0.893,0.3286,"14","HGLB","edge"
"flowcyto_100_l11_C1","glutamic acid","100",1.2202,0.3253,"14","HGLB","edge"
"flowcyto_100_l14_F1","glutamic acid","100",1.0485,0.4103,"14","HGLB","edge"
"flowcyto_100_l14_H2","glutamic acid","100",0.9316,0.3657,"14","HGLB","edge"
"flowcyto_100_l15_G2","glutamic acid","100",0.4535,3.4117,"14","HGHB","inside"
"flowcyto_100_l13_B2","glutamic acid","100",0.4812,2.3193,"14","HGHB","inside"
"flowcyto_100_l12_G5","glutamic acid","100",0.4694,2.3099,"14","HGHB","inside"
"flowcyto_100_l13_G7","glutamic acid","100",0.5027,2.0388,"14","HGHB","inside"
"flowcyto_100_l12_G10","glutamic acid","100",0.6764,1.0169,"14","HGHB","inside"
"flowcyto_100_l11_G2","glutamic acid","100",0.8185,0.6884,"14","HGHB","inside"
"flowcyto_100_l11_H1","glutamic acid","100",0.9641,1.1359,"14","HGHB","edge"
"flowcyto_100_l12_A1","glutamic acid","100",1.037,3.7381,"14","HGHB","edge"
"flowcyto_100_l15_H12","glutamic acid","100",0.8963,3.9939,"14","HGHB","edge"
"flowcyto_100_l11_F12","glutamic acid","100",0.899,1.9343,"14","HGHB","edge"
"flowcyto_100_l15_B2","glutamic acid","100",0.3422,7.0623,"14","LGHB","inside"
"flowcyto_100_l14_C10","glutamic acid","100",0.2214,2.0989,"14","LGHB","inside"
"flowcyto_100_l15_E4","glutamic acid","100",0.2805,2.0109,"14","LGHB","inside"
"flowcyto_100_l11_B6","glutamic acid","100",0.3377,1.6668,"14","LGHB","inside"
"flowcyto_100_l15_B4","glutamic acid","100",0.324,1.3274,"14","LGHB","inside"
"flowcyto_100_l12_B7","glutamic acid","100",0.2929,1.1386,"14","LGHB","inside"
"flowcyto_100_l15_A4","glutamic acid","100",0.4129,2.2986,"14","LGHB","edge"
"flowcyto_100_l15_E1","glutamic acid","100",0.4275,7.0749,"14","LGHB","edge"
"flowcyto_100_l12_C12","glutamic acid","100",0.384,2.5,"14","LGHB","edge"
"flowcyto_100_l11_A10","glutamic acid","100",0.3827,3.7448,"14","LGHB","edge"
"flowcyto_100_l11_F9","glutamic acid","100",0.2572,0.2884,"14","LGLB","inside"
"flowcyto_100_l12_E7","glutamic acid","100",0.2556,0.2826,"14","LGLB","inside"
"flowcyto_100_l14_D8","glutamic acid","100",0.2554,0.3124,"14","LGLB","inside"
"flowcyto_100_l12_C9","glutamic acid","100",0.2535,0.3151,"14","LGLB","inside"
"flowcyto_100_l12_C10","glutamic acid","100",0.2498,0.2691,"14","LGLB","inside"
"flowcyto_100_l12_C7","glutamic acid","100",0.2622,0.2512,"14","LGLB","inside"
"flowcyto_100_l13_D12","glutamic acid","100",0.3881,0.3711,"14","LGLB","edge"
"flowcyto_100_l13_A10","glutamic acid","100",0.385,0.3129,"14","LGLB","edge"
"flowcyto_100_l14_A10","glutamic acid","100",0.3267,0.2502,"14","LGLB","edge"
"flowcyto_100_l15_A6","glutamic acid","100",0.2636,0.3966,"14","LGLB","edge"
"flowcyto_250_l20_D8","glutamic acid","250",0.5715,0.382,"14","HGLB","inside"
"flowcyto_250_l20_E7","glutamic acid","250",0.5634,0.3853,"14","HGLB","inside"
"flowcyto_250_l18_G2","glutamic acid","250",0.5552,0.4273,"14","HGLB","inside"
"flowcyto_250_l20_C3","glutamic acid","250",0.5501,0.426,"14","HGLB","inside"
"flowcyto_250_l20_E9","glutamic acid","250",0.5434,0.4157,"14","HGLB","inside"
"flowcyto_250_l19_F2","glutamic acid","250",0.5409,0.4048,"14","HGLB","inside"
"flowcyto_250_l20_H4","glutamic acid","250",0.983,0.4768,"14","HGLB","edge"
"flowcyto_250_l19_F1","glutamic acid","250",1.0493,0.574,"14","HGLB","edge"
"flowcyto_250_l18_H1","glutamic acid","250",1.0202,0.5277,"14","HGLB","edge"
"flowcyto_250_l18_H7","glutamic acid","250",0.9852,0.4118,"14","HGLB","edge"
"flowcyto_250_l20_G3","glutamic acid","250",0.7607,0.8384,"14","HGHB","inside"
"flowcyto_250_l20_G11","glutamic acid","250",0.6904,1.0224,"14","HGHB","inside"
"flowcyto_250_l19_G2","glutamic acid","250",0.6369,1.087,"14","HGHB","inside"
"flowcyto_250_l20_E4","glutamic acid","250",0.4796,6.0333,"14","HGHB","inside"
"flowcyto_250_l18_G11","glutamic acid","250",0.548,2.3719,"14","HGHB","inside"
"flowcyto_250_l20_B11","glutamic acid","250",0.488,1.6691,"14","HGHB","inside"
"flowcyto_250_l19_H12","glutamic acid","250",0.8903,2.6704,"14","HGHB","edge"
"flowcyto_250_l16_A1","glutamic acid","250",1.046,2.8886,"14","HGHB","edge"
"flowcyto_250_l16_H12","glutamic acid","250",0.9498,2.8486,"14","HGHB","edge"
"flowcyto_250_l16_A12","glutamic acid","250",0.8482,3.3974,"14","HGHB","edge"
"flowcyto_250_l17_D6","glutamic acid","250",0.3432,1.5903,"14","LGHB","inside"
"flowcyto_250_l16_B7","glutamic acid","250",0.26,1.5016,"14","LGHB","inside"
"flowcyto_250_l17_C4","glutamic acid","250",0.2853,1.3901,"14","LGHB","inside"
"flowcyto_250_l16_F8","glutamic acid","250",0.2944,1.3114,"14","LGHB","inside"
"flowcyto_250_l20_E3","glutamic acid","250",0.2834,1.203,"14","LGHB","inside"
"flowcyto_250_l16_C11","glutamic acid","250",0.2515,1.1753,"14","LGHB","inside"
"flowcyto_250_l16_A3","glutamic acid","250",0.4134,2.3103,"14","LGHB","edge"
"flowcyto_250_l19_F12","glutamic acid","250",0.3922,8.2593,"14","LGHB","edge"
"flowcyto_250_l17_F12","glutamic acid","250",0.4205,3.6308,"14","LGHB","edge"
"flowcyto_250_l17_A3","glutamic acid","250",0.4403,2.9589,"14","LGHB","edge"
"flowcyto_250_l18_C6","glutamic acid","250",0.2492,0.4322,"14","LGLB","inside"
"flowcyto_250_l17_C8","glutamic acid","250",0.2491,0.3281,"14","LGLB","inside"
"flowcyto_250_l18_D5","glutamic acid","250",0.2362,0.3421,"14","LGLB","inside"
"flowcyto_250_l18_D8","glutamic acid","250",0.2034,0.3728,"14","LGLB","inside"
"flowcyto_250_l16_E9","glutamic acid","250",0.2653,0.3354,"14","LGLB","inside"
"flowcyto_250_l19_D8","glutamic acid","250",0.2571,0.27,"14","LGLB","inside"
"flowcyto_250_l18_D1","glutamic acid","250",0.4304,0.4939,"14","LGLB","edge"
"flowcyto_250_l19_A9","glutamic acid","250",0.4304,0.3743,"14","LGLB","edge"
"flowcyto_250_l19_A7","glutamic acid","250",0.42,0.3887,"14","LGLB","edge"
"flowcyto_250_l18_F12","glutamic acid","250",0.2406,0.4593,"14","LGLB","edge"
"flowcyto_10_x02_G11","cellobiose","10",0.7873,0.1896,"14","HGLB","inside"
"flowcyto_10_x03_B4","cellobiose","10",0.7053,0.1879,"14","HGLB","inside"
"flowcyto_10_x02_F3","cellobiose","10",0.6973,0.1624,"14","HGLB","inside"
"flowcyto_10_x03_F10","cellobiose","10",0.6797,0.1635,"14","HGLB","inside"
"flowcyto_10_x03_G7","cellobiose","10",0.6679,0.1462,"14","HGLB","inside"
"flowcyto_10_x02_B9","cellobiose","10",0.6444,0.172,"14","HGLB","inside"
"flowcyto_10_x05_D1","cellobiose","10",1.1639,0.2311,"14","HGLB","edge"
"flowcyto_10_x03_H1","cellobiose","10",1.656,0.1501,"14","HGLB","edge"
"flowcyto_10_x01_D1","cellobiose","10",1.1122,0.1446,"14","HGLB","edge"
"flowcyto_10_x01_A12","cellobiose","10",1.1171,0.1783,"14","HGLB","edge"
"flowcyto_10_x03_B5","cellobiose","10",0.4224,3.7906,"14","HGHB","inside"
"flowcyto_10_x03_D6","cellobiose","10",0.4971,3.1227,"14","HGHB","inside"
"flowcyto_10_x02_C3","cellobiose","10",0.5359,2.8118,"14","HGHB","inside"
"flowcyto_10_x05_G11","cellobiose","10",0.4685,1.8801,"14","HGHB","inside"
"flowcyto_10_x02_B2","cellobiose","10",0.6367,1.0346,"14","HGHB","inside"
"flowcyto_10_x04_C11","cellobiose","10",0.8537,0.8617,"14","HGHB","inside"
"flowcyto_10_x03_A1","cellobiose","10",0.9279,1.4803,"14","HGHB","edge"
"flowcyto_10_x01_G12","cellobiose","10",0.8573,35.448,"14","HGHB","edge"
"flowcyto_10_x05_A1","cellobiose","10",1.0305,1.0567,"14","HGHB","edge"
"flowcyto_10_x04_H12","cellobiose","10",1.0913,1.0074,"14","HGHB","edge"
"flowcyto_10_x02_F2","cellobiose","10",0.1568,3.4978,"14","LGHB","inside"
"flowcyto_10_x05_G8","cellobiose","10",0.2224,1.4913,"14","LGHB","inside"
"flowcyto_10_x05_D2","cellobiose","10",0.2492,1.2741,"14","LGHB","inside"
"flowcyto_10_x04_E3","cellobiose","10",0.2393,1.0117,"14","LGHB","inside"
"flowcyto_10_x03_B3","cellobiose","10",0.1229,0.9106,"14","LGHB","inside"
"flowcyto_10_x05_B6","cellobiose","10",0.1518,0.8687,"14","LGHB","inside"
"flowcyto_10_x05_B12","cellobiose","10",0.4266,2.0938,"14","LGHB","edge"
"flowcyto_10_x05_G1","cellobiose","10",0.4974,3.272,"14","LGHB","edge"
"flowcyto_10_x04_A6","cellobiose","10",0.4602,2.4584,"14","LGHB","edge"
"flowcyto_10_x02_A7","cellobiose","10",0.1957,2.3861,"14","LGHB","edge"
"flowcyto_10_x04_D7","cellobiose","10",0.1164,0.2126,"14","LGLB","inside"
"flowcyto_10_x01_F8","cellobiose","10",0.1132,0.2456,"14","LGLB","inside"
"flowcyto_10_x04_E9","cellobiose","10",0.1128,0.1802,"14","LGLB","inside"
"flowcyto_10_x04_C8","cellobiose","10",0.1079,0.2264,"14","LGLB","inside"
"flowcyto_10_x04_F6","cellobiose","10",0.102,0.2083,"14","LGLB","inside"
"flowcyto_10_x03_E5","cellobiose","10",0.1246,0.2143,"14","LGLB","inside"
"flowcyto_10_x01_A4","cellobiose","10",0.4508,0.1424,"14","LGLB","edge"
"flowcyto_10_x04_H6","cellobiose","10",0.4332,0.2577,"14","LGLB","edge"
"flowcyto_10_x04_C12","cellobiose","10",0.4078,0.1574,"14","LGLB","edge"
"flowcyto_10_x01_H7","cellobiose","10",0.4441,0.2034,"14","LGLB","edge"
"flowcyto_50_x08_G10","cellobiose","50",0.878,0.2144,"14","HGLB","inside"
"flowcyto_50_x06_B10","cellobiose","50",0.722,0.2248,"14","HGLB","inside"
"flowcyto_50_x10_F2","cellobiose","50",0.6768,0.1387,"14","HGLB","inside"
"flowcyto_50_x09_G3","cellobiose","50",0.6641,0.1993,"14","HGLB","inside"
"flowcyto_50_x06_B11","cellobiose","50",0.6628,0.1591,"14","HGLB","inside"
"flowcyto_50_x10_G2","cellobiose","50",0.648,0.2393,"14","HGLB","inside"
"flowcyto_50_x10_H3","cellobiose","50",1.0486,0.2397,"14","HGLB","edge"
"flowcyto_50_x10_A12","cellobiose","50",1.3069,0.1988,"14","HGLB","edge"
"flowcyto_50_x09_G12","cellobiose","50",1.0169,0.1321,"14","HGLB","edge"
"flowcyto_50_x06_H12","cellobiose","50",1.1484,0.2495,"14","HGLB","edge"
"flowcyto_50_x10_G6","cellobiose","50",0.5867,16.9701,"14","HGHB","inside"
"flowcyto_50_x09_G8","cellobiose","50",0.7654,2.1788,"14","HGHB","inside"
"flowcyto_50_x08_G11","cellobiose","50",0.6795,1.986,"14","HGHB","inside"
"flowcyto_50_x08_G9","cellobiose","50",0.566,1.4777,"14","HGHB","inside"
"flowcyto_50_x06_E7","cellobiose","50",0.6408,1.4274,"14","HGHB","inside"
"flowcyto_50_x08_G5","cellobiose","50",0.6369,1.3982,"14","HGHB","inside"
"flowcyto_50_x08_H6","cellobiose","50",1.0019,1.2633,"14","HGHB","edge"
"flowcyto_50_x08_G12","cellobiose","50",0.9749,2.6663,"14","HGHB","edge"
"flowcyto_50_x07_A1","cellobiose","50",1.1439,1.5296,"14","HGHB","edge"
"flowcyto_50_x06_E1","cellobiose","50",1.1314,1.3515,"14","HGHB","edge"
"flowcyto_50_x09_E8","cellobiose","50",0.1984,8.3685,"14","LGHB","inside"
"flowcyto_50_x09_E9","cellobiose","50",0.2824,3.9449,"14","LGHB","inside"
"flowcyto_50_x06_F11","cellobiose","50",0.2623,3.8561,"14","LGHB","inside"
"flowcyto_50_x07_D8","cellobiose","50",0.1309,3.8204,"14","LGHB","inside"
"flowcyto_50_x08_D4","cellobiose","50",0.3375,3.6759,"14","LGHB","inside"
"flowcyto_50_x07_C10","cellobiose","50",0.1811,3.6695,"14","LGHB","inside"
"flowcyto_50_x07_F1","cellobiose","50",0.4374,3.6249,"14","LGHB","edge"
"flowcyto_50_x10_H12","cellobiose","50",0.5844,9.2799,"14","LGHB","edge"
"flowcyto_50_x07_B12","cellobiose","50",0.479,8.652,"14","LGHB","edge"
"flowcyto_50_x10_A4","cellobiose","50",0.2421,6.5793,"14","LGHB","edge"
"flowcyto_50_x07_E4","cellobiose","50",0.2185,0.185,"14","LGLB","inside"
"flowcyto_50_x06_E8","cellobiose","50",0.188,0.2627,"14","LGLB","inside"
"flowcyto_50_x09_D9","cellobiose","50",0.1852,0.3309,"14","LGLB","inside"
"flowcyto_50_x07_C6","cellobiose","50",0.1709,0.384,"14","LGLB","inside"
"flowcyto_50_x08_C5","cellobiose","50",0.1664,0.2888,"14","LGLB","inside"
"flowcyto_50_x10_D5","cellobiose","50",0.2351,0.1655,"14","LGLB","inside"
"flowcyto_50_x06_A7","cellobiose","50",0.4602,0.2394,"14","LGLB","edge"
"flowcyto_50_x06_A4","cellobiose","50",0.4629,0.1725,"14","LGLB","edge"
"flowcyto_50_x10_H7","cellobiose","50",0.4757,0.1958,"14","LGLB","edge"
"flowcyto_50_x07_A10","cellobiose","50",0.3716,0.2843,"14","LGLB","edge"
"flowcyto_100_x14_B9","cellobiose","100",0.8256,0.2883,"14","HGLB","inside"
"flowcyto_100_x12_C7","cellobiose","100",0.8027,0.3393,"14","HGLB","inside"
"flowcyto_100_x13_F2","cellobiose","100",0.8022,0.3477,"14","HGLB","inside"
"flowcyto_100_x14_F8","cellobiose","100",0.7654,0.3379,"14","HGLB","inside"
"flowcyto_100_x12_F5","cellobiose","100",0.7638,0.3718,"14","HGLB","inside"
"flowcyto_100_x13_G5","cellobiose","100",0.7526,0.3201,"14","HGLB","inside"
"flowcyto_100_x12_G1","cellobiose","100",0.9207,0.2598,"14","HGLB","edge"
"flowcyto_100_x11_H1","cellobiose","100",1.2214,0.3068,"14","HGLB","edge"
"flowcyto_100_x11_H8","cellobiose","100",1.0633,0.2134,"14","HGLB","edge"
"flowcyto_100_x12_F1","cellobiose","100",1.0131,0.2989,"14","HGLB","edge"
"flowcyto_100_x12_D9","cellobiose","100",0.5641,2.0909,"14","HGHB","inside"
"flowcyto_100_x14_F10","cellobiose","100",0.6549,2.0656,"14","HGHB","inside"
"flowcyto_100_x14_C6","cellobiose","100",0.5808,2.0073,"14","HGHB","inside"
"flowcyto_100_x11_G9","cellobiose","100",0.6167,1.926,"14","HGHB","inside"
"flowcyto_100_x15_D6","cellobiose","100",0.7012,1.2301,"14","HGHB","inside"
"flowcyto_100_x12_F11","cellobiose","100",0.7652,1.0304,"14","HGHB","inside"
"flowcyto_100_x12_H12","cellobiose","100",1.0664,1.3049,"14","HGHB","edge"
"flowcyto_100_x14_A1","cellobiose","100",1.0707,4.0006,"14","HGHB","edge"
"flowcyto_100_x13_A1","cellobiose","100",1.2259,1.6864,"14","HGHB","edge"
"flowcyto_100_x15_G12","cellobiose","100",1.18,1.5944,"14","HGHB","edge"
"flowcyto_100_x13_F6","cellobiose","100",0.2579,4.326,"14","LGHB","inside"
"flowcyto_100_x11_E9","cellobiose","100",0.4239,1.8465,"14","LGHB","inside"
"flowcyto_100_x15_G5","cellobiose","100",0.4414,1.7756,"14","LGHB","inside"
"flowcyto_100_x12_D10","cellobiose","100",0.2548,1.6628,"14","LGHB","inside"
"flowcyto_100_x11_F4","cellobiose","100",0.3185,1.4831,"14","LGHB","inside"
"flowcyto_100_x11_D3","cellobiose","100",0.2624,1.3822,"14","LGHB","inside"
"flowcyto_100_x13_F12","cellobiose","100",0.3487,2.1854,"14","LGHB","edge"
"flowcyto_100_x15_B12","cellobiose","100",0.4907,8.2299,"14","LGHB","edge"
"flowcyto_100_x14_E12","cellobiose","100",0.4041,3.6122,"14","LGHB","edge"
"flowcyto_100_x11_A4","cellobiose","100",0.2976,2.2892,"14","LGHB","edge"
"flowcyto_100_x12_C4","cellobiose","100",0.2727,0.2934,"14","LGLB","inside"
"flowcyto_100_x12_E9","cellobiose","100",0.271,0.3595,"14","LGLB","inside"
"flowcyto_100_x12_C9","cellobiose","100",0.2963,0.3363,"14","LGLB","inside"
"flowcyto_100_x12_B5","cellobiose","100",0.2915,0.2477,"14","LGLB","inside"
"flowcyto_100_x15_G10","cellobiose","100",0.2903,0.3228,"14","LGLB","inside"
"flowcyto_100_x12_F10","cellobiose","100",0.2847,0.2961,"14","LGLB","inside"
"flowcyto_100_x13_A9","cellobiose","100",0.4377,0.3702,"14","LGLB","edge"
"flowcyto_100_x12_A8","cellobiose","100",0.4462,0.2594,"14","LGLB","edge"
"flowcyto_100_x13_H5","cellobiose","100",0.3498,0.3249,"14","LGLB","edge"
"flowcyto_100_x14_H8","cellobiose","100",0.2561,0.4525,"14","LGLB","edge"
"flowcyto_250_x18_G10","cellobiose","250",0.8232,0.4393,"14","HGLB","inside"
"flowcyto_250_x20_G9","cellobiose","250",0.8159,0.5171,"14","HGLB","inside"
"flowcyto_250_x16_E2","cellobiose","250",0.7758,0.4054,"14","HGLB","inside"
"flowcyto_250_x20_E6","cellobiose","250",0.7697,0.3984,"14","HGLB","inside"
"flowcyto_250_x20_B5","cellobiose","250",0.7678,0.2704,"14","HGLB","inside"
"flowcyto_250_x18_B6","cellobiose","250",0.7365,0.1852,"14","HGLB","inside"
"flowcyto_250_x18_H4","cellobiose","250",0.9303,0.356,"14","HGLB","edge"
"flowcyto_250_x16_H12","cellobiose","250",1.385,0.7121,"14","HGLB","edge"
"flowcyto_250_x20_H2","cellobiose","250",0.9553,0.2814,"14","HGLB","edge"
"flowcyto_250_x20_A2","cellobiose","250",1.0481,0.3972,"14","HGLB","edge"
"flowcyto_250_x17_F2","cellobiose","250",0.7036,2.6648,"14","HGHB","inside"
"flowcyto_250_x20_B2","cellobiose","250",0.7098,2.0748,"14","HGHB","inside"
"flowcyto_250_x19_E6","cellobiose","250",0.7099,1.7359,"14","HGHB","inside"
"flowcyto_250_x19_B3","cellobiose","250",0.725,1.5114,"14","HGHB","inside"
"flowcyto_250_x16_B3","cellobiose","250",0.858,1.3871,"14","HGHB","inside"
"flowcyto_250_x18_B9","cellobiose","250",0.7951,1.468,"14","HGHB","inside"
"flowcyto_250_x17_A1","cellobiose","250",0.9882,2.1376,"14","HGHB","edge"
"flowcyto_250_x19_A12","cellobiose","250",1.1878,2.0584,"14","HGHB","edge"
"flowcyto_250_x17_H2","cellobiose","250",1.0154,3.2457,"14","HGHB","edge"
"flowcyto_250_x16_A1","cellobiose","250",0.9822,2.2853,"14","HGHB","edge"
"flowcyto_250_x20_F7","cellobiose","250",0.4989,2.9194,"14","LGHB","inside"
"flowcyto_250_x16_G9","cellobiose","250",0.357,2.8125,"14","LGHB","inside"
"flowcyto_250_x17_C6","cellobiose","250",0.2332,1.3583,"14","LGHB","inside"
"flowcyto_250_x18_E4","cellobiose","250",0.4466,2.2751,"14","LGHB","inside"
"flowcyto_250_x19_C11","cellobiose","250",0.2893,2.177,"14","LGHB","inside"
"flowcyto_250_x17_B7","cellobiose","250",0.331,1.5821,"14","LGHB","inside"
"flowcyto_250_x17_H11","cellobiose","250",0.3129,1.9491,"14","LGHB","edge"
"flowcyto_250_x18_H9","cellobiose","250",0.516,3.1297,"14","LGHB","edge"
"flowcyto_250_x17_A2","cellobiose","250",0.4693,3.1208,"14","LGHB","edge"
"flowcyto_250_x17_A4","cellobiose","250",0.3927,2.1892,"14","LGHB","edge"
"flowcyto_250_x17_B10","cellobiose","250",0.337,0.4698,"14","LGLB","inside"
"flowcyto_250_x20_B10","cellobiose","250",0.3204,0.288,"14","LGLB","inside"
"flowcyto_250_x19_F11","cellobiose","250",0.3116,0.4056,"14","LGLB","inside"
"flowcyto_250_x18_C9","cellobiose","250",0.2829,0.2185,"14","LGLB","inside"
"flowcyto_250_x18_G5","cellobiose","250",0.2205,0.5476,"14","LGLB","inside"
"flowcyto_250_x17_C4","cellobiose","250",0.3726,0.1975,"14","LGLB","inside"
"flowcyto_250_x16_A8","cellobiose","250",0.4351,0.3024,"14","LGLB","edge"
"flowcyto_250_x18_H10","cellobiose","250",0.3579,0.5683,"14","LGLB","edge"
"flowcyto_250_x16_H11","cellobiose","250",0.327,0.5085,"14","LGLB","edge"
"flowcyto_250_x16_F12","cellobiose","250",0.3973,0.4001,"14","LGLB","edge"
"flowcyto_10_g05_G4","mannitol","10",0.9959,0.2223,"14","HGLB","inside"
"flowcyto_10_g04_G2","mannitol","10",0.899,0.2297,"14","HGLB","inside"
"flowcyto_10_g05_G3","mannitol","10",0.8205,0.2005,"14","HGLB","inside"
"flowcyto_10_g04_D6","mannitol","10",0.7693,0.1498,"14","HGLB","inside"
"flowcyto_10_g04_F4","mannitol","10",0.7652,0.177,"14","HGLB","inside"
"flowcyto_10_g04_C2","mannitol","10",0.7446,0.2287,"14","HGLB","inside"
"flowcyto_10_g03_H7","mannitol","10",1.0682,0.1852,"14","HGLB","edge"
"flowcyto_10_g05_A12","mannitol","10",1.4784,0.1992,"14","HGLB","edge"
"flowcyto_10_g01_A12","mannitol","10",1.2974,0.1829,"14","HGLB","edge"
"flowcyto_10_g05_H6","mannitol","10",1.1361,0.1533,"14","HGLB","edge"
"flowcyto_10_g04_G11","mannitol","10",0.6025,1.3642,"14","HGHB","inside"
"flowcyto_10_g02_D11","mannitol","10",0.5994,1.3091,"14","HGHB","inside"
"flowcyto_10_g03_E11","mannitol","10",0.727,1.2447,"14","HGHB","inside"
"flowcyto_10_g03_G11","mannitol","10",0.7688,0.9103,"14","HGHB","inside"
"flowcyto_10_g04_C3","mannitol","10",0.7986,1.008,"14","HGHB","inside"
"flowcyto_10_g02_G4","mannitol","10",0.8663,0.8992,"14","HGHB","inside"
"flowcyto_10_g03_D1","mannitol","10",0.9942,1.3782,"14","HGHB","edge"
"flowcyto_10_g02_A12","mannitol","10",1.0338,3.6689,"14","HGHB","edge"
"flowcyto_10_g01_H12","mannitol","10",1.0088,1.5555,"14","HGHB","edge"
"flowcyto_10_g05_D1","mannitol","10",0.8326,2.225,"14","HGHB","edge"
"flowcyto_10_g04_G9","mannitol","10",0.4815,9.5172,"14","LGHB","inside"
"flowcyto_10_g04_F5","mannitol","10",0.4231,3.0201,"14","LGHB","inside"
"flowcyto_10_g04_C4","mannitol","10",0.4434,2.0097,"14","LGHB","inside"
"flowcyto_10_g03_D10","mannitol","10",0.333,1.964,"14","LGHB","inside"
"flowcyto_10_g02_G11","mannitol","10",0.4932,1.7056,"14","LGHB","inside"
"flowcyto_10_g02_G2","mannitol","10",0.4503,1.5595,"14","LGHB","inside"
"flowcyto_10_g03_A7","mannitol","10",0.3462,1.6541,"14","LGHB","edge"
"flowcyto_10_g04_H9","mannitol","10",0.2477,6.4659,"14","LGHB","edge"
"flowcyto_10_g02_A11","mannitol","10",0.5224,3.6045,"14","LGHB","edge"
"flowcyto_10_g05_F12","mannitol","10",0.246,1.3781,"14","LGHB","edge"
"flowcyto_10_g05_B9","mannitol","10",0.4406,0.2273,"14","LGLB","inside"
"flowcyto_10_g05_C11","mannitol","10",0.4334,0.1854,"14","LGLB","inside"
"flowcyto_10_g05_B2","mannitol","10",0.3371,0.1362,"14","LGLB","inside"
"flowcyto_10_g04_E10","mannitol","10",0.3221,0.1531,"14","LGLB","inside"
"flowcyto_10_g04_F7","mannitol","10",0.3041,0.1969,"14","LGLB","inside"
"flowcyto_10_g03_B4","mannitol","10",0.2866,0.1716,"14","LGLB","inside"
"flowcyto_10_g03_A2","mannitol","10",0.5143,0.2603,"14","LGLB","edge"
"flowcyto_10_g05_A9","mannitol","10",0.5495,0.1939,"14","LGLB","edge"
"flowcyto_10_g05_A7","mannitol","10",0.504,0.228,"14","LGLB","edge"
"flowcyto_10_g05_A8","mannitol","10",0.5273,0.2123,"14","LGLB","edge"
"flowcyto_50_g09_D6","mannitol","50",0.7538,0.1611,"14","HGLB","inside"
"flowcyto_50_g09_G11","mannitol","50",0.7421,0.2277,"14","HGLB","inside"
"flowcyto_50_g10_F3","mannitol","50",0.7261,0.2672,"14","HGLB","inside"
"flowcyto_50_g06_G9","mannitol","50",0.6887,0.2238,"14","HGLB","inside"
"flowcyto_50_g10_F5","mannitol","50",0.6826,0.1715,"14","HGLB","inside"
"flowcyto_50_g10_D6","mannitol","50",0.6768,0.1917,"14","HGLB","inside"
"flowcyto_50_g10_H4","mannitol","50",0.9465,0.1759,"14","HGLB","edge"
"flowcyto_50_g09_A12","mannitol","50",1.3915,0.2756,"14","HGLB","edge"
"flowcyto_50_g10_H2","mannitol","50",1.2472,0.1809,"14","HGLB","edge"
"flowcyto_50_g10_H3","mannitol","50",1.0449,0.1411,"14","HGLB","edge"
"flowcyto_50_g10_B5","mannitol","50",0.5486,2.9024,"14","HGHB","inside"
"flowcyto_50_g08_G11","mannitol","50",0.5632,1.7923,"14","HGHB","inside"
"flowcyto_50_g06_F11","mannitol","50",0.5771,1.5725,"14","HGHB","inside"
"flowcyto_50_g07_D2","mannitol","50",0.6136,1.2256,"14","HGHB","inside"
"flowcyto_50_g06_E8","mannitol","50",0.7105,1.2237,"14","HGHB","inside"
"flowcyto_50_g08_G8","mannitol","50",0.6251,1.1625,"14","HGHB","inside"
"flowcyto_50_g09_H12","mannitol","50",1.1765,1.1968,"14","HGHB","edge"
"flowcyto_50_g08_H1","mannitol","50",1.3645,2.927,"14","HGHB","edge"
"flowcyto_50_g09_H11","mannitol","50",1.1245,1.7304,"14","HGHB","edge"
"flowcyto_50_g09_H5","mannitol","50",1.4469,1.0574,"14","HGHB","edge"
"flowcyto_50_g10_F4","mannitol","50",0.4943,3.6753,"14","LGHB","inside"
"flowcyto_50_g07_E10","mannitol","50",0.4754,2.8502,"14","LGHB","inside"
"flowcyto_50_g07_D8","mannitol","50",0.4866,2.4295,"14","LGHB","inside"
"flowcyto_50_g09_B4","mannitol","50",0.3728,2.3426,"14","LGHB","inside"
"flowcyto_50_g08_F2","mannitol","50",0.3672,2.0272,"14","LGHB","inside"
"flowcyto_50_g10_E11","mannitol","50",0.2972,1.8327,"14","LGHB","inside"
"flowcyto_50_g06_H7","mannitol","50",0.4443,1.6661,"14","LGHB","edge"
"flowcyto_50_g08_A9","mannitol","50",0.6006,5.2731,"14","LGHB","edge"
"flowcyto_50_g07_A3","mannitol","50",0.2421,2.7157,"14","LGHB","edge"
"flowcyto_50_g10_F1","mannitol","50",0.4145,2.5663,"14","LGHB","edge"
"flowcyto_50_g10_B10","mannitol","50",0.3985,0.2363,"14","LGLB","inside"
"flowcyto_50_g06_G2","mannitol","50",0.3964,0.1755,"14","LGLB","inside"
"flowcyto_50_g07_C5","mannitol","50",0.3942,0.2405,"14","LGLB","inside"
"flowcyto_50_g10_F6","mannitol","50",0.3862,0.2217,"14","LGLB","inside"
"flowcyto_50_g06_D5","mannitol","50",0.3366,0.2003,"14","LGLB","inside"
"flowcyto_50_g09_F5","mannitol","50",0.2759,0.2855,"14","LGLB","inside"
"flowcyto_50_g10_A9","mannitol","50",0.4838,0.2057,"14","LGLB","edge"
"flowcyto_50_g08_H11","mannitol","50",0.49,0.2124,"14","LGLB","edge"
"flowcyto_50_g10_H12","mannitol","50",0.4094,0.2184,"14","LGLB","edge"
"flowcyto_50_g10_B12","mannitol","50",0.3904,0.2518,"14","LGLB","edge"
"flowcyto_100_g14_B7","mannitol","100",0.7068,0.2,"14","HGLB","inside"
"flowcyto_100_g13_B10","mannitol","100",0.6624,0.2867,"14","HGLB","inside"
"flowcyto_100_g13_B8","mannitol","100",0.6334,0.2377,"14","HGLB","inside"
"flowcyto_100_g12_F10","mannitol","100",0.6321,0.1889,"14","HGLB","inside"
"flowcyto_100_g14_B9","mannitol","100",0.6282,0.1925,"14","HGLB","inside"
"flowcyto_100_g14_B2","mannitol","100",0.6252,0.2442,"14","HGLB","inside"
"flowcyto_100_g14_A1","mannitol","100",0.9297,0.2059,"14","HGLB","edge"
"flowcyto_100_g15_H3","mannitol","100",0.9816,0.3147,"14","HGLB","edge"
"flowcyto_100_g13_H1","mannitol","100",0.9661,0.33,"14","HGLB","edge"
"flowcyto_100_g14_F1","mannitol","100",0.8751,0.19,"14","HGLB","edge"
"flowcyto_100_g15_B9","mannitol","100",0.5486,6.5709,"14","HGHB","inside"
"flowcyto_100_g14_F11","mannitol","100",0.5138,1.8878,"14","HGHB","inside"
"flowcyto_100_g11_B8","mannitol","100",0.6352,1.4863,"14","HGHB","inside"
"flowcyto_100_g14_G10","mannitol","100",0.6706,1.075,"14","HGHB","inside"
"flowcyto_100_g13_G6","mannitol","100",0.6067,1.3859,"14","HGHB","inside"
"flowcyto_100_g12_D3","mannitol","100",0.6878,1.031,"14","HGHB","inside"
"flowcyto_100_g14_G1","mannitol","100",0.9561,0.8703,"14","HGHB","edge"
"flowcyto_100_g13_H10","mannitol","100",0.9289,1.0283,"14","HGHB","edge"
"flowcyto_100_g12_H4","mannitol","100",1.0248,0.9197,"14","HGHB","edge"
"flowcyto_100_g14_D1","mannitol","100",0.8424,1.1154,"14","HGHB","edge"
"flowcyto_100_g15_F4","mannitol","100",0.4011,2.3636,"14","LGHB","inside"
"flowcyto_100_g12_G8","mannitol","100",0.3276,1.7161,"14","LGHB","inside"
"flowcyto_100_g12_D11","mannitol","100",0.425,1.4098,"14","LGHB","inside"
"flowcyto_100_g15_C2","mannitol","100",0.3985,1.385,"14","LGHB","inside"
"flowcyto_100_g14_E3","mannitol","100",0.4245,1.3796,"14","LGHB","inside"
"flowcyto_100_g14_G2","mannitol","100",0.3308,1.3559,"14","LGHB","inside"
"flowcyto_100_g12_H2","mannitol","100",0.3387,1.3038,"14","LGHB","edge"
"flowcyto_100_g11_B1","mannitol","100",0.4803,2.9276,"14","LGHB","edge"
"flowcyto_100_g13_F12","mannitol","100",0.5036,2.4674,"14","LGHB","edge"
"flowcyto_100_g14_A7","mannitol","100",0.2728,1.3207,"14","LGHB","edge"
"flowcyto_100_g13_D5","mannitol","100",0.4237,0.2493,"14","LGLB","inside"
"flowcyto_100_g13_F6","mannitol","100",0.4209,0.2525,"14","LGLB","inside"
"flowcyto_100_g15_C8","mannitol","100",0.4065,0.2713,"14","LGLB","inside"
"flowcyto_100_g14_D9","mannitol","100",0.3901,0.2284,"14","LGLB","inside"
"flowcyto_100_g13_E2","mannitol","100",0.3875,0.27,"14","LGLB","inside"
"flowcyto_100_g12_C8","mannitol","100",0.3741,0.2823,"14","LGLB","inside"
"flowcyto_100_g13_H8","mannitol","100",0.4764,0.2661,"14","LGLB","edge"
"flowcyto_100_g13_A9","mannitol","100",0.4296,0.2656,"14","LGLB","edge"
"flowcyto_100_g14_E12","mannitol","100",0.416,0.2884,"14","LGLB","edge"
"flowcyto_100_g13_B12","mannitol","100",0.4664,0.275,"14","LGLB","edge"
"flowcyto_250_g18_B11","mannitol","250",0.8459,0.3079,"14","HGLB","inside"
"flowcyto_250_g19_G2","mannitol","250",0.7447,0.4034,"14","HGLB","inside"
"flowcyto_250_g19_G4","mannitol","250",0.7311,0.4399,"14","HGLB","inside"
"flowcyto_250_g17_G10","mannitol","250",0.7291,0.2726,"14","HGLB","inside"
"flowcyto_250_g19_G11","mannitol","250",0.716,0.2894,"14","HGLB","inside"
"flowcyto_250_g16_F2","mannitol","250",0.6535,0.292,"14","HGLB","inside"
"flowcyto_250_g17_H12","mannitol","250",1.0089,0.4497,"14","HGLB","edge"
"flowcyto_250_g17_G12","mannitol","250",1.1208,0.3708,"14","HGLB","edge"
"flowcyto_250_g17_B1","mannitol","250",1.0606,0.4429,"14","HGLB","edge"
"flowcyto_250_g19_H10","mannitol","250",0.8816,0.2995,"14","HGLB","edge"
"flowcyto_250_g20_G9","mannitol","250",0.5575,2.4191,"14","HGHB","inside"
"flowcyto_250_g18_B5","mannitol","250",0.5264,1.5917,"14","HGHB","inside"
"flowcyto_250_g18_G3","mannitol","250",0.5383,1.2779,"14","HGHB","inside"
"flowcyto_250_g18_G11","mannitol","250",0.6779,1.2625,"14","HGHB","inside"
"flowcyto_250_g20_G3","mannitol","250",0.7199,0.7876,"14","HGHB","inside"
"flowcyto_250_g17_F4","mannitol","250",0.6479,0.9412,"14","HGHB","inside"
"flowcyto_250_g16_H1","mannitol","250",0.8273,5,"14","HGHB","edge"
"flowcyto_250_g20_H1","mannitol","250",1.1369,2.6444,"14","HGHB","edge"
"flowcyto_250_g20_B1","mannitol","250",0.9726,1.6758,"14","HGHB","edge"
"flowcyto_250_g16_G1","mannitol","250",0.8715,2.3753,"14","HGHB","edge"
"flowcyto_250_g16_C4","mannitol","250",0.2705,3.8734,"14","LGHB","inside"
"flowcyto_250_g19_B11","mannitol","250",0.4472,2.1271,"14","LGHB","inside"
"flowcyto_250_g20_F10","mannitol","250",0.4191,1.9072,"14","LGHB","inside"
"flowcyto_250_g18_C2","mannitol","250",0.4409,1.8054,"14","LGHB","inside"
"flowcyto_250_g20_E2","mannitol","250",0.4358,1.7498,"14","LGHB","inside"
"flowcyto_250_g16_C11","mannitol","250",0.3543,1.4264,"14","LGHB","inside"
"flowcyto_250_g20_C1","mannitol","250",0.4414,2.0642,"14","LGHB","edge"
"flowcyto_250_g18_H11","mannitol","250",0.4831,3.0213,"14","LGHB","edge"
"flowcyto_250_g19_A2","mannitol","250",0.3991,2.9483,"14","LGHB","edge"
"flowcyto_250_g19_A4","mannitol","250",0.4809,2.5641,"14","LGHB","edge"
"flowcyto_250_g17_D5","mannitol","250",0.3909,0.3741,"14","LGLB","inside"
"flowcyto_250_g19_B2","mannitol","250",0.3702,0.2899,"14","LGLB","inside"
"flowcyto_250_g16_D8","mannitol","250",0.369,0.4302,"14","LGLB","inside"
"flowcyto_250_g20_E11","mannitol","250",0.3663,0.3393,"14","LGLB","inside"
"flowcyto_250_g20_E7","mannitol","250",0.3535,0.4019,"14","LGLB","inside"
"flowcyto_250_g17_D4","mannitol","250",0.3349,0.3806,"14","LGLB","inside"
"flowcyto_250_g18_G12","mannitol","250",0.4745,0.3546,"14","LGLB","edge"
"flowcyto_250_g16_B12","mannitol","250",0.4423,0.3099,"14","LGLB","edge"
"flowcyto_250_g17_A4","mannitol","250",0.4276,0.3595,"14","LGLB","edge"
"flowcyto_250_g19_E12","mannitol","250",0.4546,0.2853,"14","LGLB","edge"
"flowcyto_10_h05_G4","trehalose","10",0.963,0.3433,"14","HGLB","inside"
"flowcyto_10_h01_D4","trehalose","10",0.9617,0.3492,"14","HGLB","inside"
"flowcyto_10_h04_C3","trehalose","10",0.8943,0.3224,"14","HGLB","inside"
"flowcyto_10_h01_E10","trehalose","10",0.8019,0.2406,"14","HGLB","inside"
"flowcyto_10_h05_F2","trehalose","10",0.7995,0.199,"14","HGLB","inside"
"flowcyto_10_h02_D10","trehalose","10",0.8216,0.2799,"14","HGLB","inside"
"flowcyto_10_h05_C1","trehalose","10",1.2962,0.2673,"14","HGLB","edge"
"flowcyto_10_h02_H11","trehalose","10",1.3714,0.3378,"14","HGLB","edge"
"flowcyto_10_h02_A8","trehalose","10",1.3352,0.3798,"14","HGLB","edge"
"flowcyto_10_h01_H2","trehalose","10",1.319,0.2882,"14","HGLB","edge"
"flowcyto_10_h05_D5","trehalose","10",0.6598,3.9875,"14","HGHB","inside"
"flowcyto_10_h02_E7","trehalose","10",0.8511,2.0122,"14","HGHB","inside"
"flowcyto_10_h01_F6","trehalose","10",0.7888,1.6746,"14","HGHB","inside"
"flowcyto_10_h04_E3","trehalose","10",0.7611,1.6619,"14","HGHB","inside"
"flowcyto_10_h04_B7","trehalose","10",0.9539,0.9019,"14","HGHB","inside"
"flowcyto_10_h05_B6","trehalose","10",1.0264,0.9153,"14","HGHB","inside"
"flowcyto_10_h01_A3","trehalose","10",1.0622,0.9725,"14","HGHB","edge"
"flowcyto_10_h04_G12","trehalose","10",1.235,0.8695,"14","HGHB","edge"
"flowcyto_10_h03_H11","trehalose","10",1.1496,1.0083,"14","HGHB","edge"
"flowcyto_10_h03_A4","trehalose","10",1.0893,1.4909,"14","HGHB","edge"
"flowcyto_10_h05_C5","trehalose","10",0.1863,6.9846,"14","LGHB","inside"
"flowcyto_10_h02_C2","trehalose","10",0.4424,3.933,"14","LGHB","inside"
"flowcyto_10_h04_E11","trehalose","10",0.2806,3.6672,"14","LGHB","inside"
"flowcyto_10_h03_E3","trehalose","10",0.4028,3.044,"14","LGHB","inside"
"flowcyto_10_h02_F7","trehalose","10",0.4096,3.0083,"14","LGHB","inside"
"flowcyto_10_h04_G9","trehalose","10",0.2279,2.2273,"14","LGHB","inside"
"flowcyto_10_h05_F1","trehalose","10",0.3135,1.9977,"14","LGHB","edge"
"flowcyto_10_h04_A4","trehalose","10",0.2224,4.0029,"14","LGHB","edge"
"flowcyto_10_h03_H2","trehalose","10",0.349,3.8451,"14","LGHB","edge"
"flowcyto_10_h01_A9","trehalose","10",0.374,2.1695,"14","LGHB","edge"
"flowcyto_10_h04_F7","trehalose","10",0.1437,0.3659,"14","LGLB","inside"
"flowcyto_10_h05_F10","trehalose","10",0.2344,0.2691,"14","LGLB","inside"
"flowcyto_10_h03_F9","trehalose","10",0.225,0.3745,"14","LGLB","inside"
"flowcyto_10_h05_F9","trehalose","10",0.21,0.2437,"14","LGLB","inside"
"flowcyto_10_h04_E9","trehalose","10",0.1761,0.3302,"14","LGLB","inside"
"flowcyto_10_h03_F3","trehalose","10",0.162,0.2689,"14","LGLB","inside"
"flowcyto_10_h03_E12","trehalose","10",0.3601,0.3128,"14","LGLB","edge"
"flowcyto_10_h02_H7","trehalose","10",0.3222,0.2597,"14","LGLB","edge"
"flowcyto_10_h02_E12","trehalose","10",0.4034,0.1213,"14","LGLB","edge"
"flowcyto_10_h02_C12","trehalose","10",0.3888,0.1289,"14","LGLB","edge"
"flowcyto_50_h08_C4","trehalose","50",0.9341,0.4142,"14","HGLB","inside"
"flowcyto_50_h08_E5","trehalose","50",0.9022,0.2803,"14","HGLB","inside"
"flowcyto_50_h07_D2","trehalose","50",0.8884,0.3865,"14","HGLB","inside"
"flowcyto_50_h06_G3","trehalose","50",0.8211,0.4139,"14","HGLB","inside"
"flowcyto_50_h09_C6","trehalose","50",0.8037,0.2274,"14","HGLB","inside"
"flowcyto_50_h06_B5","trehalose","50",0.7962,0.2385,"14","HGLB","inside"
"flowcyto_50_h06_E1","trehalose","50",1.1421,0.3326,"14","HGLB","edge"
"flowcyto_50_h06_H1","trehalose","50",1.2514,0.418,"14","HGLB","edge"
"flowcyto_50_h09_A12","trehalose","50",1.2194,0.4149,"14","HGLB","edge"
"flowcyto_50_h10_G1","trehalose","50",1.0319,0.2838,"14","HGLB","edge"
"flowcyto_50_h10_G6","trehalose","50",0.7036,2.8632,"14","HGHB","inside"
"flowcyto_50_h10_D9","trehalose","50",0.7106,2.7971,"14","HGHB","inside"
"flowcyto_50_h07_G11","trehalose","50",0.7099,2.2497,"14","HGHB","inside"
"flowcyto_50_h07_F2","trehalose","50",0.6327,2.1751,"14","HGHB","inside"
"flowcyto_50_h09_D3","trehalose","50",0.8682,1.5086,"14","HGHB","inside"
"flowcyto_50_h08_E11","trehalose","50",1.0489,1.2776,"14","HGHB","inside"
"flowcyto_50_h08_H12","trehalose","50",0.9417,3.5885,"14","HGHB","edge"
"flowcyto_50_h06_H2","trehalose","50",1.4522,1.0142,"14","HGHB","edge"
"flowcyto_50_h07_A2","trehalose","50",1.2074,2.619,"14","HGHB","edge"
"flowcyto_50_h09_G1","trehalose","50",1.1141,3.6587,"14","HGHB","edge"
"flowcyto_50_h08_E8","trehalose","50",0.4986,7.3689,"14","LGHB","inside"
"flowcyto_50_h08_F9","trehalose","50",0.4685,6.6318,"14","LGHB","inside"
"flowcyto_50_h07_D10","trehalose","50",0.2403,3.0756,"14","LGHB","inside"
"flowcyto_50_h10_F4","trehalose","50",0.4586,2.5498,"14","LGHB","inside"
"flowcyto_50_h10_D8","trehalose","50",0.4589,2.2381,"14","LGHB","inside"
"flowcyto_50_h09_F11","trehalose","50",0.4608,2.0878,"14","LGHB","inside"
"flowcyto_50_h06_A7","trehalose","50",0.4979,7.8372,"14","LGHB","edge"
"flowcyto_50_h10_H4","trehalose","50",0.4777,8.127,"14","LGHB","edge"
"flowcyto_50_h10_B12","trehalose","50",0.3138,6.8082,"14","LGHB","edge"
"flowcyto_50_h06_A6","trehalose","50",0.3398,7.5243,"14","LGHB","edge"
"flowcyto_50_h08_C7","trehalose","50",0.4431,0.2619,"14","LGLB","inside"
"flowcyto_50_h09_C11","trehalose","50",0.4394,0.4488,"14","LGLB","inside"
"flowcyto_50_h08_C3","trehalose","50",0.4352,0.308,"14","LGLB","inside"
"flowcyto_50_h07_D3","trehalose","50",0.3738,0.4011,"14","LGLB","inside"
"flowcyto_50_h07_C4","trehalose","50",0.3451,0.4399,"14","LGLB","inside"
"flowcyto_50_h06_G8","trehalose","50",0.3228,0.3208,"14","LGLB","inside"
"flowcyto_50_h08_A9","trehalose","50",0.5584,0.3418,"14","LGLB","edge"
"flowcyto_50_h09_A8","trehalose","50",0.5366,0.356,"14","LGLB","edge"
"flowcyto_50_h08_H6","trehalose","50",0.485,0.4222,"14","LGLB","edge"
"flowcyto_50_h10_H6","trehalose","50",0.3434,0.4128,"14","LGLB","edge"
"flowcyto_100_h14_G9","trehalose","100",0.9364,0.4113,"14","HGLB","inside"
"flowcyto_100_h12_B8","trehalose","100",0.8478,0.3985,"14","HGLB","inside"
"flowcyto_100_h14_D9","trehalose","100",0.7674,0.3976,"14","HGLB","inside"
"flowcyto_100_h12_E5","trehalose","100",0.759,0.394,"14","HGLB","inside"
"flowcyto_100_h14_G7","trehalose","100",0.7577,0.398,"14","HGLB","inside"
"flowcyto_100_h11_E2","trehalose","100",0.745,0.4347,"14","HGLB","inside"
"flowcyto_100_h11_H7","trehalose","100",1.0056,0.5454,"14","HGLB","edge"
"flowcyto_100_h14_A7","trehalose","100",1.2852,0.5947,"14","HGLB","edge"
"flowcyto_100_h13_B1","trehalose","100",1.2283,0.7014,"14","HGLB","edge"
"flowcyto_100_h13_A9","trehalose","100",1.0184,0.4986,"14","HGLB","edge"
"flowcyto_100_h11_F7","trehalose","100",0.7113,3.1873,"14","HGHB","inside"
"flowcyto_100_h13_E10","trehalose","100",0.6205,2.4218,"14","HGHB","inside"
"flowcyto_100_h15_F9","trehalose","100",0.7001,2.4033,"14","HGHB","inside"
"flowcyto_100_h12_F5","trehalose","100",0.6047,2.187,"14","HGHB","inside"
"flowcyto_100_h13_G7","trehalose","100",0.865,1.5611,"14","HGHB","inside"
"flowcyto_100_h11_C6","trehalose","100",1.0408,1.0273,"14","HGHB","inside"
"flowcyto_100_h12_A2","trehalose","100",1.2459,2.0101,"14","HGHB","edge"
"flowcyto_100_h11_G12","trehalose","100",1.4815,1.8184,"14","HGHB","edge"
"flowcyto_100_h13_H7","trehalose","100",1.279,3.23,"14","HGHB","edge"
"flowcyto_100_h14_H4","trehalose","100",1.1234,2.3888,"14","HGHB","edge"
"flowcyto_100_h14_B3","trehalose","100",0.4774,2.519,"14","LGHB","inside"
"flowcyto_100_h11_E4","trehalose","100",0.4271,2.3038,"14","LGHB","inside"
"flowcyto_100_h11_F6","trehalose","100",0.3823,2.2777,"14","LGHB","inside"
"flowcyto_100_h13_D2","trehalose","100",0.4925,2.0407,"14","LGHB","inside"
"flowcyto_100_h11_D6","trehalose","100",0.3514,1.8085,"14","LGHB","inside"
"flowcyto_100_h13_B10","trehalose","100",0.5078,1.7525,"14","LGHB","inside"
"flowcyto_100_h13_H1","trehalose","100",0.5258,3.4072,"14","LGHB","edge"
"flowcyto_100_h12_H7","trehalose","100",0.524,9.5046,"14","LGHB","edge"
"flowcyto_100_h12_A11","trehalose","100",0.6308,6.6801,"14","LGHB","edge"
"flowcyto_100_h12_A12","trehalose","100",0.2737,3.8932,"14","LGHB","edge"
"flowcyto_100_h11_E6","trehalose","100",0.4954,0.395,"14","LGLB","inside"
"flowcyto_100_h14_E10","trehalose","100",0.4874,0.4268,"14","LGLB","inside"
"flowcyto_100_h13_C8","trehalose","100",0.4799,0.416,"14","LGLB","inside"
"flowcyto_100_h11_E11","trehalose","100",0.4778,0.3878,"14","LGLB","inside"
"flowcyto_100_h13_E4","trehalose","100",0.3499,0.4425,"14","LGLB","inside"
"flowcyto_100_h12_G4","trehalose","100",0.2834,0.4139,"14","LGLB","inside"
"flowcyto_100_h15_D1","trehalose","100",0.5696,0.5328,"14","LGLB","edge"
"flowcyto_100_h15_A6","trehalose","100",0.335,0.4106,"14","LGLB","edge"
"flowcyto_100_h12_B12","trehalose","100",0.484,0.4838,"14","LGLB","edge"
"flowcyto_100_h11_H10","trehalose","100",0.5264,0.5721,"14","LGLB","edge"
"flowcyto_250_h18_B7","trehalose","250",0.8449,0.6334,"14","HGLB","inside"
"flowcyto_250_h16_C7","trehalose","250",0.8043,0.4703,"14","HGLB","inside"
"flowcyto_250_h17_B8","trehalose","250",0.7684,0.4431,"14","HGLB","inside"
"flowcyto_250_h19_E5","trehalose","250",0.7653,0.502,"14","HGLB","inside"
"flowcyto_250_h17_D9","trehalose","250",0.7322,0.4944,"14","HGLB","inside"
"flowcyto_250_h19_D6","trehalose","250",0.7395,0.5013,"14","HGLB","inside"
"flowcyto_250_h16_A7","trehalose","250",1.2648,0.4337,"14","HGLB","edge"
"flowcyto_250_h20_A9","trehalose","250",1.6671,0.3922,"14","HGLB","edge"
"flowcyto_250_h16_A6","trehalose","250",1.5541,0.7744,"14","HGLB","edge"
"flowcyto_250_h20_A8","trehalose","250",1.4168,0.4564,"14","HGLB","edge"
"flowcyto_250_h20_E8","trehalose","250",0.6931,3.5823,"14","HGHB","inside"
"flowcyto_250_h20_E7","trehalose","250",0.6472,3.5035,"14","HGHB","inside"
"flowcyto_250_h17_G7","trehalose","250",0.7486,2.4678,"14","HGHB","inside"
"flowcyto_250_h19_B7","trehalose","250",0.6205,2.1379,"14","HGHB","inside"
"flowcyto_250_h16_G3","trehalose","250",0.7898,1.5389,"14","HGHB","inside"
"flowcyto_250_h16_F7","trehalose","250",0.8352,1.4794,"14","HGHB","inside"
"flowcyto_250_h16_A4","trehalose","250",1.0027,3.2431,"14","HGHB","edge"
"flowcyto_250_h17_A8","trehalose","250",1.3153,1.6681,"14","HGHB","edge"
"flowcyto_250_h17_H12","trehalose","250",1.2899,3.0329,"14","HGHB","edge"
"flowcyto_250_h18_H1","trehalose","250",1.5257,2.0065,"14","HGHB","edge"
"flowcyto_250_h18_G5","trehalose","250",0.5037,3.9044,"14","LGHB","inside"
"flowcyto_250_h20_G6","trehalose","250",0.4912,3.6833,"14","LGHB","inside"
"flowcyto_250_h19_C6","trehalose","250",0.3698,3.6097,"14","LGHB","inside"
"flowcyto_250_h20_C4","trehalose","250",0.5113,3.5822,"14","LGHB","inside"
"flowcyto_250_h19_E2","trehalose","250",0.4792,3.4483,"14","LGHB","inside"
"flowcyto_250_h17_D5","trehalose","250",0.3232,3.1978,"14","LGHB","inside"
"flowcyto_250_h17_A12","trehalose","250",0.2355,2.3883,"14","LGHB","edge"
"flowcyto_250_h19_H1","trehalose","250",0.5691,8.6982,"14","LGHB","edge"
"flowcyto_250_h19_G1","trehalose","250",0.4656,3.646,"14","LGHB","edge"
"flowcyto_250_h16_B12","trehalose","250",0.4528,3.2561,"14","LGHB","edge"
"flowcyto_250_h20_D4","trehalose","250",0.3822,0.4545,"14","LGLB","inside"
"flowcyto_250_h20_C6","trehalose","250",0.3757,0.5041,"14","LGLB","inside"
"flowcyto_250_h19_D8","trehalose","250",0.3616,0.4815,"14","LGLB","inside"
"flowcyto_250_h16_B2","trehalose","250",0.3454,0.631,"14","LGLB","inside"
"flowcyto_250_h18_F11","trehalose","250",0.3408,0.612,"14","LGLB","inside"
"flowcyto_250_h20_F7","trehalose","250",0.3092,0.5178,"14","LGLB","inside"
"flowcyto_250_h16_D12","trehalose","250",0.5689,0.5632,"14","LGLB","edge"
"flowcyto_250_h20_A12","trehalose","250",0.1167,0.6668,"14","LGLB","edge"
"flowcyto_250_h18_A3","trehalose","250",0.3638,0.5679,"14","LGLB","edge"
"flowcyto_250_h18_A1","trehalose","250",0.3694,0.5589,"14","LGLB","edge"
